"day_of_week","mean_rating"
"Friday",3.51176016544332
"Monday",3.51969892528082
"Saturday",3.52261338815367
"Sunday",3.51662460707487
"Thursday",3.50114542554734
"Tuesday",3.50982075708198
"Wednesday",3.50516095171449
